title,author,isbn,category,source,source_url,description
"World Stories Retold for Modern Boys and Girls: One Hundred and Eighty-seven Five-minute Classic Stories for Retelling in Home, Sunday School, Children's Services, Public School Grades and ""The Story-hour"" in Public Libraries","Sly, William James","","Classic Literature","gutenberg","https://www.gutenberg.org/ebooks/55786","Subjects: Storytelling"
"Grammar-land; Or, Grammar in Fun for the Children of Schoolroom-shire","Nesbitt, M. L.","","Classic Literature","gutenberg","https://www.gutenberg.org/ebooks/66712","Subjects: English language -- Grammar -- Juvenile fiction, Fantasy fiction, Judges -- Juvenile fiction"
"The Feeding of School Children","Bulkley, M. E. (Mildred Emily)","","Classic Literature","gutenberg","https://www.gutenberg.org/ebooks/57313","Subjects: School children -- Food"
"Educational Toys: Consisting Chiefly of Coping-Saw Problems for Children in School and the Home","Petersen, Louis Christian","","Classic Literature","gutenberg","https://www.gutenberg.org/ebooks/43635","Subjects: Toys, Woodwork"
"Book of Mormon Stories. No. 1.: Adapted to the Capacity of Young Children, and Designed for Use in Sabbath Schools, Primary Associations, and for Home Reading","Cannon, George Q. (George Quayle)","","Classic Literature","gutenberg","https://www.gutenberg.org/ebooks/51095","Subjects: Book of Mormon stories, English"
"The Chosen People: A Compendium of Sacred and Church History for School-Children","Yonge, Charlotte M. (Charlotte Mary)","","Classic Literature","gutenberg","https://www.gutenberg.org/ebooks/7284","Subjects: Bible -- History of Biblical events, Church history"
"Types of Children's Literature: A Collection of the World's Best Literature for Children, For Use in Colleges, Normal Schools and Library Schools","Unknown","","Classic Literature","gutenberg","https://www.gutenberg.org/ebooks/6588","Subjects: Children's literature"
"Children of the old masters (Italian school)","Meynell, Alice","","Classic Literature","gutenberg","https://www.gutenberg.org/ebooks/77937","Subjects: Art, Italian, Children in art"
"Advice to Sunday School Children","Anonymous","","Classic Literature","gutenberg","https://www.gutenberg.org/ebooks/36582","Subjects: Children -- Conduct of life -- Juvenile literature, Christian life -- Juvenile literature, Conduct of life -- Juvenile literature"
"Ella, a little schoolgirl of the sixties : $b A book for children and for grown-ups who remember","Tappan, Eva March","","Classic Literature","gutenberg","https://www.gutenberg.org/ebooks/70282","Subjects: Girls -- Juvenile fiction, New England -- Juvenile fiction, Schools -- Juvenile fiction"
"Koding dan Kecerdasan Artifisial untuk SMP/MTs Kelas VII","Indra Budi Aji, Iman Budiman, Des Erita Fenti","978-634-00-2043-4 ","Kemendikdasmen - Merdeka","kemendikdasmen","https://static-sc.cloudapp.web.id/content/pdf/bukuteks/kurikulum21/KKA_BS_KLS_7.pdf","Buku koding-dan-kecerdasan-artifisial Kelas 7 - Kurikulum Merdeka."
"Buku Panduan Guru Informatika untuk SMP/MTs Kelas VII (Edisi Revisi)","Irya Wisnubhadra, Maresha Caroline, Vania Natali, Wahyono, Sri Mulyati, Ari Wardhani, Heni Pratiwi, Budiman Saputra, Kurnia Astiani, Sumiati","978-623-118-489-4","Kemendikdasmen - Merdeka","kemendikdasmen","https://static-sc.cloudapp.web.id/content/pdf/bukuteks/kurikulum21/BG_INFORMATIKA_VII.pdf","Buku informatika Kelas 7 - Kurikulum Merdeka."
"Informatika untuk SMP/MTs Kelas VII (Edisi Revisi)","Maresha Caroline, Irya Wisnubhadra, Vania Natali, Wahyono, Sri Mulyati, Ari Wardhani, Heni Pratiwi, Budiman Saputra, Kurnia Astiani, Sumiati","978-623-118-483-2","Kemendikdasmen - Merdeka","kemendikdasmen","https://static-sc.cloudapp.web.id/content/pdf/bukuteks/kurikulum21/BS_INFORMATIKA_VII.pdf","Buku informatika Kelas 7 - Kurikulum Merdeka."
"Panduan Guru Seni Rupa untuk SMP/MTS Kelas VII (Edisi Revisi)","Ardhana Riswarie, Vincent Albert Samoel","978-623-118-521-1","Kemendikdasmen - Merdeka","kemendikdasmen","https://static-sc.cloudapp.web.id/content/pdf/bukuteks/kurikulum21/Seni_Rupa_BG_KLS_VII_Rev.pdf","Buku seni_rupa Kelas 7 - Kurikulum Merdeka."
"Panduan Guru Koding dan Kecerdasan Artifisial untuk SMP/MTs Kelas VII","Des Erita Fenti, Iman Budiman, Indra Budi Aji","978-634-00-2043-4","Kemendikdasmen - Merdeka","kemendikdasmen","https://static-sc.cloudapp.web.id/content/pdf/bukuteks/kurikulum21/KKA_BG_KLS_7_.pdf","Buku koding-dan-kecerdasan-artifisial Kelas 7 - Kurikulum Merdeka."
"Buku Panduan Guru Matematika untuk SMP/MTs Kelas VII","Dicky Susanto, Savitri Sihombing, Marianna Magdalena Radjawane, Ambarsari Kusuma Wardani, Theja Kurniawan, Yulian Candra, Sinta Mulyani","978-602-244-881-5","Kemendikdasmen - Merdeka","kemendikdasmen","https://static-sc.cloudapp.web.id/content/pdf/bukuteks/kurikulum21/Matematika-BG-KLS-VII.pdf","Buku matematika Kelas 7 - Kurikulum Merdeka."
"Matematika untuk SMP/MTs Kelas VII","Dicky Susanto, Savitri Sihombing, Marianna Magdalena Radjawane, Ambarsari Kusuma Wardani, Theja Kurniawan, Yulian Candra, Sinta Mulyani","978-602-244-883-9","Kemendikdasmen - Merdeka","kemendikdasmen","https://static-sc.cloudapp.web.id/content/pdf/bukuteks/kurikulum21/Matematika-BS-KLS-VII.pdf","Buku matematika Kelas 7 - Kurikulum Merdeka."
"Buku Panduan Guru Matematika untuk SMP/MTs Kelas VIII","Mohammad Tohir, Abdur Rahman As’ari, Ahmad Choirul Anam, Ibnu Taufiq","978-602-427-902-8","Kemendikdasmen - Merdeka","kemendikdasmen","https://static-sc.cloudapp.web.id/content/pdf/bukuteks/kurikulum21/Matematika-BG-KLS-VIII-Baru.pdf","Buku  Kelas 8 - Kurikulum Merdeka."
"Buku Panduan Guru Prakarya: Rekayasa untuk SMP/MTs Kelas VII","Indra Samsudin, Lissiana Nussifera, Novi Nurhayati","978-602-244-891-4","Kemendikdasmen - Merdeka","kemendikdasmen","https://static-sc.cloudapp.web.id/content/pdf/bukuteks/kurikulum21/Prakarya-Rekayasa-BG-KLS-VII.pdf","Buku prakarya Kelas 7 - Kurikulum Merdeka."
"Buku Panduan Guru Prakarya: Budi Daya untuk SMP/MTs Kelas VII","Agus Salim, Desta Wirnas, Defi Alfaniah","978-602-244-889-1","Kemendikdasmen - Merdeka","kemendikdasmen","https://static-sc.cloudapp.web.id/content/pdf/bukuteks/kurikulum21/Prakarya-Budi-Daya-BG-KLS-VII.pdf","Buku prakarya Kelas 7 - Kurikulum Merdeka."
"Panduan Guru Pendidikan Jasmani, Olahraga, dan Kesehatan untuk SMP/MTs Kelas VIII","Ebta Heri Susanto, Yusnita Pusparagen","978-623-388-735-9","Kemendikdasmen - Merdeka","kemendikdasmen","https://static-sc.cloudapp.web.id/content/pdf/bukuteks/kurikulum21/PJOK_BG_KLS_VIII.pdf","Buku pjok Kelas 8 - Kurikulum Merdeka."
"Panduan Guru Bahasa Indonesia untuk SMP/MTs Kelas VII (Edisi Revisi)","Sofie Dewayani, Eugenia Rakhma Subarna, Cicilia Erni Setyowati ","978-623-118-511-2","Kemendikdasmen - Merdeka","kemendikdasmen","https://static-sc.cloudapp.web.id/content/pdf/bukuteks/kurikulum21/Bahasa_Indonesia_BG_KLS_VII_Rev.pdf","Buku bahasa_Indonesia Kelas 7 - Kurikulum Merdeka."
"Bahasa Indonesia untuk SMP/MTS Kelas VII (Edisi Revisi)","Eugenia Rakhma Subarna, Sofie Dewayani, Cicilia Erni Setyowati ","978-623-118-368-2","Kemendikdasmen - Merdeka","kemendikdasmen","https://static-sc.cloudapp.web.id/content/pdf/bukuteks/kurikulum21/Bahasa_Indonesia_BS_KLS_VII_Rev.pdf","Buku bahasa_Indonesia Kelas 7 - Kurikulum Merdeka."
"Panduan Guru Ilmu Pengetahuan Alam untuk SMP/MTs Kelas VII (Edisi Revisi)","Budiyanti Dwi Hardanie, Victoriani Inabuy, Cece Sutia, Okky Fajar Tri Maryana, Sri Handayani Lestari","978-623-118-453-5","Kemendikdasmen - Merdeka","kemendikdasmen","https://static-sc.cloudapp.web.id/content/pdf/bukuteks/kurikulum21/IPA_BG_KLS_VII_Rev.pdf","Buku ipa Kelas 7 - Kurikulum Merdeka."
"Ilmu Pengetahuan Alam untuk SMP/MTs Kelas VII (Edisi Revisi)","Victoriani Inabuy, Cece Sutia, Okky Fajar Tri Maryana, Budiyanti Dwi Hardanie, Sri Handayani Lestari","978-623-118-457-3","Kemendikdasmen - Merdeka","kemendikdasmen","https://static-sc.cloudapp.web.id/content/pdf/bukuteks/kurikulum21/IPA_BS_KLS_VII_Rev.pdf","Buku ipa Kelas 7 - Kurikulum Merdeka."
"Panduan Guru Ilmu Pengetahuan Sosial untuk SMP/MTs Kelas VII (Edisi Revisi)","Muhammad Nursaban, Supardi","978-623-118-441-2 ","Kemendikdasmen - Merdeka","kemendikdasmen","https://static-sc.cloudapp.web.id/content/pdf/bukuteks/kurikulum21/IPS_BG_KLS_VII_Rev.pdf","Buku ips Kelas 7 - Kurikulum Merdeka."
"Ilmu Pengetahuan Sosial untuk SMP/MTs Kelas VII (Edisi Revisi)","Muhammad Nursaban, Supardi","978-623-118-437-5","Kemendikdasmen - Merdeka","kemendikdasmen","https://static-sc.cloudapp.web.id/content/pdf/bukuteks/kurikulum21/IPS_BS_KLS_VII_Rev.pdf","Buku ips Kelas 7 - Kurikulum Merdeka."
"Panduan Guru Seni Tari untuk SMP/MTs Kelas VII (Edisi Revisi)","Non Dwishiera Cahya Anasta, Retno Ayu Munigar Sari","978-623-118-427-6","Kemendikdasmen - Merdeka","kemendikdasmen","https://static-sc.cloudapp.web.id/content/pdf/bukuteks/kurikulum21/Seni_Tari_BG_KLS_VII_Rev.pdf","Buku seni_tari Kelas 7 - Kurikulum Merdeka."
"Panduan Guru Seni Musik untuk SMP/MTs Kelas VII (Edisi Revisi)","Andre Marino Jobs, Caecillia Hardiarini","978-623-118-501-3","Kemendikdasmen - Merdeka","kemendikdasmen","https://static-sc.cloudapp.web.id/content/pdf/bukuteks/kurikulum21/Seni_Musik_BG_KLS_VII_Rev.pdf","Buku seni_musik Kelas 7 - Kurikulum Merdeka."
"Panduan Guru Seni Teater untuk SMP/MTs Kelas VII (Edisi Revisi)","Ries Muhammad Effendy, Ibe Karyanto","978-623-118-409-2","Kemendikdasmen - Merdeka","kemendikdasmen","https://static-sc.cloudapp.web.id/content/pdf/bukuteks/kurikulum21/Seni_Teater_BG_KLS_VII_Rev.pdf","Buku seni_teater Kelas 7 - Kurikulum Merdeka."
"Pendidikan Pancasila untuk SMP/MTs Kelas IX","Khoiriyaningsih, Yudha Dana Prahara, Anggi Afriansyah","978-623-194-635-5","Kemendikdasmen - Merdeka","kemendikdasmen","https://static-sc.cloudapp.web.id/content/pdf/bukuteks/kurikulum21/Pendidikan-Pancasila-BS-KLS-IX.pdf","Buku pendidikan_pancasila Kelas 9 - Kurikulum Merdeka."
"Buku Panduan Guru Pendidikan Agama Buddha dan Budi Pekerti untuk SMP Kelas VII","Mujiyanto, Wiryanto","978-602-244-496-1","Kemendikdasmen - Merdeka","kemendikdasmen","https://static-sc.cloudapp.web.id/content/pdf/bukuteks/kurikulum21/Buddha-BG-KLS-VII.pdf","Buku agama_buddha Kelas 7 - Kurikulum Merdeka."
"Pendidikan Agama Buddha dan Budi Pekerti untuk SMP Kelas VII","Mujiyanto,  Wiryanto","978-602-244-494-7","Kemendikdasmen - Merdeka","kemendikdasmen","https://static-sc.cloudapp.web.id/content/pdf/bukuteks/kurikulum21/Buddha-BS-KLS-VII.pdf","Buku agama_buddha Kelas 7 - Kurikulum Merdeka."
"Buku Panduan Guru Pendidikan Agama Hindu dan Budi Pekerti untuk SMP Kelas VII","Handoko","978-602-244-401-5","Kemendikdasmen - Merdeka","kemendikdasmen","https://static-sc.cloudapp.web.id/content/pdf/bukuteks/kurikulum21/Hindu-BG-KLS-VII.pdf","Buku agama_hindu Kelas 7 - Kurikulum Merdeka."
"Pendidikan Agama Hindu dan Budi Pekerti untuk SMP Kelas VII","I Gusti Agung Made Swebawa","978-602-244-368-1","Kemendikdasmen - Merdeka","kemendikdasmen","https://static-sc.cloudapp.web.id/content/pdf/bukuteks/kurikulum21/Hindu-BS-KLS-VII.pdf","Buku agama_hindu Kelas 7 - Kurikulum Merdeka."
"Buku Panduan Guru Pendidikan Agama Islam dan Budi Pekerti untuk SMP Kelas VII","Rudi Ahmad Suryadi, Sumiyati","978-602-244-438-1","Kemendikdasmen - Merdeka","kemendikdasmen","https://static-sc.cloudapp.web.id/content/pdf/bukuteks/kurikulum21/Islam-BG-KLS-VII.pdf","Buku agama_islam Kelas 7 - Kurikulum Merdeka."
"Pendidikan Agama Islam dan Budi Pekerti untuk SMP Kelas VII","Rudi Ahmad Suryadi, Sumiyati","978-602-244-434-3","Kemendikdasmen - Merdeka","kemendikdasmen","https://static-sc.cloudapp.web.id/content/pdf/bukuteks/kurikulum21/Islam-BS-KLS-VII.pdf","Buku agama_islam Kelas 7 - Kurikulum Merdeka."
"Buku Panduan Guru Pendidikan Agama Katolik dan Budi Pekerti untuk SMP Kelas VII","Lorensius Atrik Wibawa, Maman Sutarman","978-602-244-411-4","Kemendikdasmen - Merdeka","kemendikdasmen","https://static-sc.cloudapp.web.id/content/pdf/bukuteks/kurikulum21/KATOLIK-BG-KLS-VII.pdf","Buku agama_katolik Kelas 7 - Kurikulum Merdeka."
"Pendidikan Agama Katolik dan Budi Pekerti untuk SMP Kelas VII","Lorensius Atrik Wibawa, Maman Sutarman","978-602-244-409-1","Kemendikdasmen - Merdeka","kemendikdasmen","https://static-sc.cloudapp.web.id/content/pdf/bukuteks/kurikulum21/Katolik-BS-KLS-VII.pdf","Buku agama_katolik Kelas 7 - Kurikulum Merdeka."
"Buku Panduan Guru Pendidikan Agama Konghucu dan Budi Pekerti untuk SMP Kelas VII","Lucky Cahya Wandirta, Hartono","978-602-244-351-3","Kemendikdasmen - Merdeka","kemendikdasmen","https://static-sc.cloudapp.web.id/content/pdf/bukuteks/kurikulum21/Khonghucu-BG-KLS-VII.pdf","Buku agama_khonghucu Kelas 7 - Kurikulum Merdeka."
"Pendidikan Agama Khonghucu dan Budi Pekerti untuk SMP Kelas VII","Lucky Cahya Wandirta, Hartono","978-602-244-333-9","Kemendikdasmen - Merdeka","kemendikdasmen","https://static-sc.cloudapp.web.id/content/pdf/bukuteks/kurikulum21/Khonghucu-BS-KLS-VII.pdf","Buku agama_khonghucu Kelas 7 - Kurikulum Merdeka."
"Buku Panduan Guru Pendidikan Agama Kristen dan Budi Pekerti untuk SMP Kelas VII","Janse Belandina Non-Serrano","978-602-244-459-6","Kemendikdasmen - Merdeka","kemendikdasmen","https://static-sc.cloudapp.web.id/content/pdf/bukuteks/kurikulum21/Kristen-BG-KLS-VII.pdf","Buku agama_kristen Kelas 7 - Kurikulum Merdeka."
"Pendidikan Agama Kristen dan Budi Pekerti untuk SMP Kelas VII","Janse Belandina Non-Serrano","978-602-244-457-2","Kemendikdasmen - Merdeka","kemendikdasmen","https://static-sc.cloudapp.web.id/content/pdf/bukuteks/kurikulum21/Kristen-BS-KLS-VII.pdf","Buku agama_kristen Kelas 7 - Kurikulum Merdeka."
"Buku Panduan Guru Pendidikan Kepercayaan Terhadap Tuhan Yang Maha Esa dan Budi Pekerti untuk SMP Kelas VII","Artha Uly Anju Siallagan","978-602-244-359-9","Kemendikdasmen - Merdeka","kemendikdasmen","https://static-sc.cloudapp.web.id/content/pdf/bukuteks/kurikulum21/Kepercayaan-BG-KLS-VII.pdf","Buku kepercayaan Kelas 7 - Kurikulum Merdeka."
"Pendidikan Kepercayaan Terhadap Tuhan Yang Maha Esa dan Budi Pekerti untuk SMP Kelas VII","Jaya Damanik","978-602-244-335-3","Kemendikdasmen - Merdeka","kemendikdasmen","https://static-sc.cloudapp.web.id/content/pdf/bukuteks/kurikulum21/Kepercayaan-BS-KLS-VII.pdf","Buku kepercayaan Kelas 7 - Kurikulum Merdeka."
"Buku Panduan Guru Pendidikan Agama Buddha dan Budi Pekerti untuk SMP Kelas VIII","Jimo, Taram","978-602-244-569-2","Kemendikdasmen - Merdeka","kemendikdasmen","https://static-sc.cloudapp.web.id/content/pdf/bukuteks/kurikulum21/Buddha-BG-KLS-VIII.pdf","Buku agama_buddha Kelas 8 - Kurikulum Merdeka."
"Pendidikan Agama Buddha dan Budi Pekerti untuk SMP Kelas VIII","Taram, Jimo","978-602-244-644-6","Kemendikdasmen - Merdeka","kemendikdasmen","https://static-sc.cloudapp.web.id/content/pdf/bukuteks/kurikulum21/Buddha-BS-KLS-VIII.pdf","Buku agama_buddha Kelas 8 - Kurikulum Merdeka."
"Buku Panduan Guru Pendidikan Agama Hindu dan Budi Pekerti untuk SMP Kelas VIII","I Made Gami Sandi Untara","978-602-244-717-7","Kemendikdasmen - Merdeka","kemendikdasmen","https://static-sc.cloudapp.web.id/content/pdf/bukuteks/kurikulum21/Hindu-BG-KLS-VIII.pdf","Buku agama_hindu Kelas 8 - Kurikulum Merdeka."
"Pendidikan Agama Hindu dan Budi Pekerti untuk SMP Kelas VIII","Ni Kadek Suparthi","978-602-244-718-4","Kemendikdasmen - Merdeka","kemendikdasmen","https://static-sc.cloudapp.web.id/content/pdf/bukuteks/kurikulum21/Hindu-BS-KLS-VIII.pdf","Buku agama_hindu Kelas 8 - Kurikulum Merdeka."
"Buku Panduan Guru Pendidikan Agama Islam dan Budi Pekerti untuk SMP Kelas VIII","Tatik Pudjiani, Bagus Mustakim","978-602-244-790-0","Kemendikdasmen - Merdeka","kemendikdasmen","https://static-sc.cloudapp.web.id/content/pdf/bukuteks/kurikulum21/Islam-BG-KLS-VIII.pdf","Buku agama_islam Kelas 8 - Kurikulum Merdeka."
"Pendidikan Agama Islam dan Budi Pekerti untuk SMP Kelas VIII","Tatik Pudjiani, Bagus Mustakim","978-602-244-727-6","Kemendikdasmen - Merdeka","kemendikdasmen","https://static-sc.cloudapp.web.id/content/pdf/bukuteks/kurikulum21/Islam-BS-KLS-VIII.pdf","Buku agama_islam Kelas 8 - Kurikulum Merdeka."
"Buku Panduan Guru Pendidikan Agama Katolik dan Budi Pekerti untuk SMP Kelas VIII","Lorensius Atrik Wibawa, Y. Sulisdwiyanta","978-602-244-698-9","Kemendikdasmen - Merdeka","kemendikdasmen","https://static-sc.cloudapp.web.id/content/pdf/bukuteks/kurikulum21/Katolik-BG-KLS-VIII.pdf","Buku agama_katolik Kelas 8 - Kurikulum Merdeka."
"Pendidikan Agama Katolik dan Budi Pekerti untuk SMP Kelas VIII","Lorensius Atrik Wibawa, Y. Sulisdwiyanta","978-602-244-697-2","Kemendikdasmen - Merdeka","kemendikdasmen","https://static-sc.cloudapp.web.id/content/pdf/bukuteks/kurikulum21/Katolik-BS-KLS-VIII.pdf","Buku agama_katolik Kelas 8 - Kurikulum Merdeka."
"Buku Panduan Guru Pendidikan Kepercayaan Terhadap Tuhan Yang Maha Esa dan Budi Pekerti untuk SMP Kelas VIII","Asenah","978-602-244-710-8","Kemendikdasmen - Merdeka","kemendikdasmen","https://static-sc.cloudapp.web.id/content/pdf/bukuteks/kurikulum21/Kepercayaan-BG-KLS-VIII.pdf","Buku kepercayaan Kelas 8 - Kurikulum Merdeka."
"Pendidikan Kepercayaan Terhadap Tuhan Yang Maha Esa dan Budi Pekerti untuk SMP Kelas VIII","Asep Setia Pujanegara","978-602-244-711-5","Kemendikdasmen - Merdeka","kemendikdasmen","https://static-sc.cloudapp.web.id/content/pdf/bukuteks/kurikulum21/Kepercayaan-BS-KLS-VIII.pdf","Buku kepercayaan Kelas 8 - Kurikulum Merdeka."
"Buku Panduan Guru Pendidikan Agama Khonghucu dan Budi Pekerti untuk SMP Kelas VIII","Loekman, Yudi","978-602-244-763-4","Kemendikdasmen - Merdeka","kemendikdasmen","https://static-sc.cloudapp.web.id/content/pdf/bukuteks/kurikulum21/Khonghucu-BG-KLS-VIII.pdf","Buku agama_khonghucu Kelas 8 - Kurikulum Merdeka."
"Pendidikan Agama Khonghucu dan Budi Pekerti untuk SMP Kelas VIII","Loekman, Yudi","978-602-244-735-1","Kemendikdasmen - Merdeka","kemendikdasmen","https://static-sc.cloudapp.web.id/content/pdf/bukuteks/kurikulum21/Khonghucu-BS-KLS-VIII.pdf","Buku agama_khonghucu Kelas 8 - Kurikulum Merdeka."
"Buku Panduan Guru Pendidikan Agama Kristen dan Budi Pekerti untuk SMP Kelas VIII","Christina Metallica Samosir","978-602-244-707-8","Kemendikdasmen - Merdeka","kemendikdasmen","https://static-sc.cloudapp.web.id/content/pdf/bukuteks/kurikulum21/Kristen-BG-KLS-VIII.pdf","Buku agama_kristen Kelas 8 - Kurikulum Merdeka."
"Pendidikan Agama Kristen dan Budi Pekerti untuk SMP Kelas VIII","Christina Metallica Samosir","978-602-244-706-1","Kemendikdasmen - Merdeka","kemendikdasmen","https://static-sc.cloudapp.web.id/content/pdf/bukuteks/kurikulum21/Kristen-BS-KLS-VIII.pdf","Buku agama_kristen Kelas 8 - Kurikulum Merdeka."
"Buku Panduan Guru Prakarya: Kerajinan untuk SMP/MTs Kelas VII","Dewi Sri Handayani Nuswantari, Sri Suratinah Hadiyati Kamihadi, Ries Muhammad Effendy","978-602-244-895-2","Kemendikdasmen - Merdeka","kemendikdasmen","https://static-sc.cloudapp.web.id/content/pdf/bukuteks/kurikulum21/Prakarya-Kerajinan-BG-KLS-VII.pdf","Buku prakarya Kelas 7 - Kurikulum Merdeka."
"Pendidikan Agama Kristen dan Budi Pekerti Kelas IX","Pdt. Stephen Suleeman dan Pdt. Dien Sumiyatiningsih","978-602-282-276-9","Kemendikdasmen - K13","kemendikdasmen_k13","https://static-sc.cloudapp.web.id/content/pdf/bukuteks/k13/bukusiswa/Kristen%20Kelas%20IX%20Isi%20BS%20press.pdf","Buku agama_kristen Kelas 9 - Kurikulum 2013 (K13)."
"Pendidikan Jasmani, Olahraga, dan Kesehatan Kelas VII","Muhajir","978-602-427-016-2","Kemendikdasmen - K13","kemendikdasmen_k13","https://static-sc.cloudapp.web.id/content/pdf/bukuteks/k13/bukusiswa/PJOK%20SMP%20Kelas%207%20BS%20press.pdf","Buku pjok Kelas 7 - Kurikulum 2013 (K13)."
"Prakarya Semester 1 Kelas VII","Suci Paresti, Dewi Sri Handayani Nuswantari, Erny Yuliani, Indra
Samsudin","978-602-427-032-2","Kemendikdasmen - K13","kemendikdasmen_k13","https://static-sc.cloudapp.web.id/content/pdf/bukuteks/k13/bukusiswa/Prakarya%20Sm1%20SMP%20Kelas%207%20BS%20press.pdf","Buku prakarya Kelas 7 - Kurikulum 2013 (K13)."
"Prakarya Semester 2 Kelas VII","Suci Paresti, Dewi Sri Handayani Nuswantari, Erny Yuliani, Indra
Samsudin","978-602-427-033-9","Kemendikdasmen - K13","kemendikdasmen_k13","https://static-sc.cloudapp.web.id/content/pdf/bukuteks/k13/bukusiswa/Prakarya%20Sm2%20SMP%20Kelas%207%20BS%20press.pdf","Buku prakarya Kelas 7 - Kurikulum 2013 (K13)."
"Seni Budaya Kelas VII","Eko Purnomo, Deden Haerudin, Buyung Rohmanto, Julius Juih","978-602-427-024-7","Kemendikdasmen - K13","kemendikdasmen_k13","https://static-sc.cloudapp.web.id/content/pdf/bukuteks/k13/bukusiswa/Senbud%20SMP%20Kelas%207%20BS%20press.pdf","Buku seni_budaya Kelas 7 - Kurikulum 2013 (K13)."
"Pendidikan Agama Hindu dan Budi Pekerti Kelas VII","Ida Made Sugita","978-602-282-937-9","Kemendikdasmen - K13","kemendikdasmen_k13","https://static-sc.cloudapp.web.id/content/pdf/bukuteks/k13/bukusiswa/Kelas%20VII%20HIndu%20BS%20press.pdf","Buku agama_hindu Kelas 7 - Kurikulum 2013 (K13)."
"Pendidikan Agama Katolik dan Budi Pekerti Kelas VII","Maman Sutarman, Lorensius Atrik Wibawa","978-602-282-929-4","Kemendikdasmen - K13","kemendikdasmen_k13","https://static-sc.cloudapp.web.id/content/pdf/bukuteks/k13/bukusiswa/Kelas%20VII%20Katolik%20BS%20press.pdf","Buku agama_katolik Kelas 7 - Kurikulum 2013 (K13)."
"Pendidikan Agama Khonghucu dan Budi Pekerti Kelas VII","Js. Gunadi, Js. Hartono Hutomo","978-602-282-953-9","Kemendikdasmen - K13","kemendikdasmen_k13","https://static-sc.cloudapp.web.id/content/pdf/bukuteks/k13/bukusiswa/Kelas%20VII%20Konghucu%20BS%20press.pdf","Buku agama_khonghucu Kelas 7 - Kurikulum 2013 (K13)."
"Pendidikan Agama Kristen dan Budi Pekerti Kelas VII","Pdt. Janse Belandina Non-Serrano","978-602-282-921-8","Kemendikdasmen - K13","kemendikdasmen_k13","https://static-sc.cloudapp.web.id/content/pdf/bukuteks/k13/bukusiswa/Kelas%20VII%20Kristen%20BS%20press.pdf","Buku agama_kristen Kelas 7 - Kurikulum 2013 (K13)."
"Pendidikan Agama Islam dan Budi Pekerti Kelas VII","Muhammad Ahsan, Sumiyati, Mustahdi","978-602-282-913-3","Kemendikdasmen - K13","kemendikdasmen_k13","https://static-sc.cloudapp.web.id/content/pdf/bukuteks/k13/bukusiswa/Kelas%20VII%20PAI%20BS%20press.pdf","Buku agama_islam Kelas 7 - Kurikulum 2013 (K13)."
"Pendidikan Agama Hindu dan Budi Pekerti Kelas VIII","Komang Susila","978-602-282-292-9","Kemendikdasmen - K13","kemendikdasmen_k13","https://static-sc.cloudapp.web.id/content/pdf/bukuteks/k13/bukusiswa/Kelas%20VIII%20Hindu%20BS%20press.pdf","Buku agama_hindu Kelas 8 - Kurikulum 2013 (K13)."
"Pendidikan Agama Islam dan Budi Pekerti Kelas VIII","Muhammad Ahsan, Sumiyati","978-602-282-268-4","Kemendikdasmen - K13","kemendikdasmen_k13","https://static-sc.cloudapp.web.id/content/pdf/bukuteks/k13/bukusiswa/Kelas%20VIII%20Islam%20BS%20press.pdf","Buku agama_islam Kelas 8 - Kurikulum 2013 (K13)."
"Pendidikan Agama Katolik dan Budi Pekerti Kelas VIII","Lorensius Atrik Wibawa, Y. Sulisdwiyanta","978-602-282-284-4","Kemendikdasmen - K13","kemendikdasmen_k13","https://static-sc.cloudapp.web.id/content/pdf/bukuteks/k13/bukusiswa/Kelas%20VIII%20Katolik%20BS%20press.pdf","Buku agama_katolik Kelas 8 - Kurikulum 2013 (K13)."
"Pendidikan Agama Kristen dan Budi Pekerti Kelas VIII","Julia Suleeman Chandra, Janse Belandina
Non- Serrano","978-602-282-276-9","Kemendikdasmen - K13","kemendikdasmen_k13","https://static-sc.cloudapp.web.id/content/pdf/bukuteks/k13/bukusiswa/Kelas%20VIII%20Kristen%20BS%20press.pdf","Buku agama_kristen Kelas 8 - Kurikulum 2013 (K13)."
"Pendidikan Agama Khonghucu dan Budi Pekerti Kelas VIII","Novita Sari, Js. Yudi","978-602-282-308-7","Kemendikdasmen - K13","kemendikdasmen_k13","https://static-sc.cloudapp.web.id/content/pdf/bukuteks/k13/bukusiswa/Kelas%20VIII%20PA%20Khonghucu%20BS%20press.pdf","Buku agama_khonghucu Kelas 8 - Kurikulum 2013 (K13)."
"Pendidikan Agama Khonghucu Dan Budi Pekerti Kelas IX","Js. Hartono Hutomo,  Js. Sugiandi Surya Atmaja","978-602-282-955-3","Kemendikdasmen - K13","kemendikdasmen_k13","https://static-sc.cloudapp.web.id/content/pdf/bukuteks/k13/bukusiswa/Kelas%20IX%20%20Khonghucu%20BS%20press.pdf","Buku agama_khonghucu Kelas 9 - Kurikulum 2013 (K13)."
"Pendidikan Agama Hindu Dan Budi Pekerti Kelas IX","Untung Suhardi ,Ida Bagus Sudirga","978-602-282-293-6","Kemendikdasmen - K13","kemendikdasmen_k13","https://static-sc.cloudapp.web.id/content/pdf/bukuteks/k13/bukusiswa/Kelas%20IX%20HINDU%20BS%20press.pdf","Buku agama_hindu Kelas 9 - Kurikulum 2013 (K13)."
"Pendidikan Agama Islam Dan Budi Pekerti Kelas IX","Muhammad Ahsan, Sumiyati","978-602-282-269-1","Kemendikdasmen - K13","kemendikdasmen_k13","https://static-sc.cloudapp.web.id/content/pdf/bukuteks/k13/bukusiswa/Kelas%20IX%20PAI%20BS%20press.pdf","Buku agama_islam Kelas 9 - Kurikulum 2013 (K13)."
"Ilmu Pengetahuan alam Kelas VIII Semester 2","Siti Zubaidah, Susriyati Mahanal, Lia Yuliati, I Wayan Dasna, Ardian A. Pangestuti, Dyne R. Puspitasari, Hamim T. Mahfudhillah, Alifa Robitah, Zenia L. Kurniawati, Fatia Rosyida,  Mar’atus Sholihah","978-602-282-318-6","Kemendikdasmen - K13","kemendikdasmen_k13","https://static-sc.cloudapp.web.id/content/pdf/bukuteks/k13/bukusiswa/Kelas%208%20IPA%20BS%20Sem%202%20press.pdf","Buku ipa Kelas 8 - Kurikulum 2013 (K13)."
"Ilmu Pengetahuan Sosial Kelas VIII","Mukminan, Endang Mulyani, M. Nursa’ban,Supardi","978-602-282-327-8","Kemendikdasmen - K13","kemendikdasmen_k13","https://static-sc.cloudapp.web.id/content/pdf/bukuteks/k13/bukusiswa/Kelas%208%20IPS%20BS%20press.pdf","Buku ips Kelas 8 - Kurikulum 2013 (K13)."
"Pendidikan Jasmani, Olahraga Dan Kesehatan Kelas VIII","Roji, Eva Yulianti","978-602-427-017-9","Kemendikdasmen - K13","kemendikdasmen_k13","https://static-sc.cloudapp.web.id/content/pdf/bukuteks/k13/bukusiswa/Kelas%208%20PJOK%20BS%20press.pdf","Buku pjok Kelas 8 - Kurikulum 2013 (K13)."
"Pendidikan Pancasila Dan Kewarganegaraan Kelas VIII","Lukman Surya Saputra, Ida Rohayani, Salikun","978-602-282-962-1","Kemendikdasmen - K13","kemendikdasmen_k13","https://static-sc.cloudapp.web.id/content/pdf/bukuteks/k13/bukusiswa/Kelas%208%20PPKn%20BS%20press.pdf","Buku pendidikan_pancasila Kelas 8 - Kurikulum 2013 (K13)."
"Prakarya Kelas VIII Semester 1","Suci Paresti, Dewi Sri Handayani Nuswantari, Sukri, Ichda Chaerudin","978-602-427-034-6","Kemendikdasmen - K13","kemendikdasmen_k13","https://static-sc.cloudapp.web.id/content/pdf/bukuteks/k13/bukusiswa/Kelas%208%20Prakarya%20BS%20Sem%201%20press.pdf","Buku prakarya Kelas 8 - Kurikulum 2013 (K13)."
"Prakarya Kelas VIII Semester 2","Suci Paresti , Dewi Sri Handayani Nuswantari, Sukri, Ichda Chaerudin","978-602-427-035-3","Kemendikdasmen - K13","kemendikdasmen_k13","https://static-sc.cloudapp.web.id/content/pdf/bukuteks/k13/bukusiswa/Kelas%208%20Prakarya%20BS%20Sem%202%20press.pdf","Buku prakarya Kelas 8 - Kurikulum 2013 (K13)."
"Bahasa Indonesia Kelas IX","Agus Trianto, Titik Harsiati , E. Kosasih","978-602-282-971-3","Kemendikdasmen - K13","kemendikdasmen_k13","https://static-sc.cloudapp.web.id/content/pdf/bukuteks/k13/bukusiswa/Kelas%209%20Bahasa%20Indonesia%20BS%20press.pdf","Buku bahasa_indonesia Kelas 9 - Kurikulum 2013 (K13)."
"Bahasa Inggris Kelas IX","Siti Wachidah, Asep Gunawan, Diyantari","978-602-282-979-9","Kemendikdasmen - K13","kemendikdasmen_k13","https://static-sc.cloudapp.web.id/content/pdf/bukuteks/k13/bukusiswa/Kelas%209%20Bahasa%20Inggris%20BS%20press.pdf","Buku bahasa_inggris Kelas 9 - Kurikulum 2013 (K13)."
"Ilmu Pengetahuan alam Kelas IX Semester 1","Siti Zubaidah, Susriyati Mahanal, Lia Yuliati, I Wayan Dasna, Ardian A. Pangestuti, Dyne R. Puspitasari, Hamim T. Mahfudhillah, Alifa Robitah, Zenia L. Kurniawati, Fatia Rosyida,  Mar’atus Sholihah","978-602-282-319-3","Kemendikdasmen - K13","kemendikdasmen_k13","https://static-sc.cloudapp.web.id/content/pdf/bukuteks/k13/bukusiswa/Kelas%209%20IPA%20BS%20Sem1%20press.pdf","Buku ipa Kelas 9 - Kurikulum 2013 (K13)."
"Ilmu Pengetahuan alam Kelas IX Semester 2","Siti Zubaidah, Susriyati Mahanal, Lia Yuliati, I Wayan Dasna, Ardian A. Pangestuti, Dyne R. Puspitasari, Hamim T. Mahfudhillah, Alifa Robitah, Zenia L. Kurniawati, Fatia Rosyida,  Mar’atus Sholihah","978-602-282-320-9","Kemendikdasmen - K13","kemendikdasmen_k13","https://static-sc.cloudapp.web.id/content/pdf/bukuteks/k13/bukusiswa/Kelas%209%20IPA%20BS%20Sem2%20press.pdf","Buku ipa Kelas 9 - Kurikulum 2013 (K13)."
"Ilmu Pengetahuan Sosial Kelas IX","Iwan Setiawan, Retno Kuning Dewi Pusparatri , Suciati, Ach. Mushlih","978-602-427-010-0","Kemendikdasmen - K13","kemendikdasmen_k13","https://static-sc.cloudapp.web.id/content/pdf/bukuteks/k13/bukusiswa/Kelas%209%20IPS%20BS%20press.pdf","Buku ips Kelas 9 - Kurikulum 2013 (K13)."
"Pendidikan Jasmani Olahraga Dan Kesehatan Kelas IX","Suherman","978-602-427-018-6","Kemendikdasmen - K13","kemendikdasmen_k13","https://static-sc.cloudapp.web.id/content/pdf/bukuteks/k13/bukusiswa/Kelas%209%20PJOK%20BS%20press.pdf","Buku pjok Kelas 9 - Kurikulum 2013 (K13)."
"Pendidikan Pancasila Dan Kewarganegaraan Kelas IX","Ai Tin Sumartini, Asep Sutisna Putra","978-602-282-963-8","Kemendikdasmen - K13","kemendikdasmen_k13","https://static-sc.cloudapp.web.id/content/pdf/bukuteks/k13/bukusiswa/Kelas%209%20PPKN%20BS%20press.pdf","Buku pendidikan_pancasila Kelas 9 - Kurikulum 2013 (K13)."
"Prakarya Kelas IX Semester 1","Dewi Sri Handayani Nuswantari, Sukri Faroki, Yenti Rokhmulyenti, Sri Sarmini","978-602-427-036-0","Kemendikdasmen - K13","kemendikdasmen_k13","https://static-sc.cloudapp.web.id/content/pdf/bukuteks/k13/bukusiswa/Kelas%209%20Prakarya%20BS%20Sem1%20press.pdf","Buku prakarya Kelas 9 - Kurikulum 2013 (K13)."
"Prakarya Kelas IX Semester 2","Dewi Sri Handayani Nuswantari, Sukri Faroki, Yenti Rokhmulyenti, Sri Sarmini","978-602-427-037-7","Kemendikdasmen - K13","kemendikdasmen_k13","https://static-sc.cloudapp.web.id/content/pdf/bukuteks/k13/bukusiswa/Kelas%209%20Prakarya%20BS%20Sem2%20press.pdf","Buku prakarya Kelas 9 - Kurikulum 2013 (K13)."
"Seni Budaya Kelas IX","Milasari, Heru Subagio, Siti Masripah,  Jelmanto","978-602-282-338-4","Kemendikdasmen - K13","kemendikdasmen_k13","https://static-sc.cloudapp.web.id/content/pdf/bukuteks/k13/bukusiswa/Kelas%209%20Seni%20Budaya%20BS%20press.pdf","Buku seni_budaya Kelas 9 - Kurikulum 2013 (K13)."
"Pendidikan Pancasila dan Kewarganegaraan Kelas VII ","Lukman Surya Saputra, Aa Nurdiaman,  Salikun","978-602-282-961-4","Kemendikdasmen - K13","kemendikdasmen_k13","https://static-sc.cloudapp.web.id/content/pdf/bukuteks/k13/bukusiswa/Kelas%207%20PPKn%20BS%20press.pdf","Buku pendidikan_pancasila Kelas 7 - Kurikulum 2013 (K13)."
"Bahasa Indonesia Kelas VIII ","E. Kosasih","978-602-282-970-6","Kemendikdasmen - K13","kemendikdasmen_k13","https://static-sc.cloudapp.web.id/content/pdf/bukuteks/k13/bukusiswa/Kelas%208%20Bahasa%20Indonesia%20BS%20press.pdf","Buku bahasa_indonesia Kelas 8 - Kurikulum 2013 (K13)."
"Bahasa Inggris Kelas VIII ","Siti Wachidah, Asep Gunawan, Diyantari,  Yuli Rulani Khatimah","978-602-282-978-2","Kemendikdasmen - K13","kemendikdasmen_k13","https://static-sc.cloudapp.web.id/content/pdf/bukuteks/k13/bukusiswa/Kelas%208%20Bahasa%20Inggris%20BS%20press.pdf","Buku bahasa_inggris Kelas 8 - Kurikulum 2013 (K13)."
"Ilmu Pengetahuan Alam Kelas VIII ","Siti Zubaidah, Susriyati Mahanal, Lia Yuliati, I Wayan Dasna, Ardian A. Pangestuti, Dyne R. Puspitasari, Hamim T. Mahfudhillah, Alifa Robitah, Zenia L. Kurniawati, Fatia Rosyida,  Mar’atus Sholihah","978-602-282-317-9","Kemendikdasmen - K13","kemendikdasmen_k13","https://static-sc.cloudapp.web.id/content/pdf/bukuteks/k13/bukusiswa/Kelas%208%20IPA%20BS%20Sem%201%20press.pdf","Buku ipa Kelas 8 - Kurikulum 2013 (K13)."
"Bahasa Inggris Kelas VII","Siti Wachidah, Asep Gunawan, Diyantari, Yuli Rulani Khatimah","978-602-282-977-5","Kemendikdasmen - K13","kemendikdasmen_k13","https://static-sc.cloudapp.web.id/content/pdf/bukuteks/k13/bukusiswa/B%20Inggris%20SMP%20Kelas%207%20BS%20press.pdf","Buku bahasa_inggris Kelas 7 - Kurikulum 2013 (K13)."
"Ilmu Pengetahuan Alam Kelas VII Semester 1","Wahono Widodo, Fida Rachmadiarti,  Siti Nurul Hidayati","978-602-427-001-8","Kemendikdasmen - K13","kemendikdasmen_k13","https://static-sc.cloudapp.web.id/content/pdf/bukuteks/k13/bukusiswa/IPA%20Sm1%20SMP%20Kelas%207%20BS%20press.pdf","Buku ipa Kelas 7 - Kurikulum 2013 (K13)."
"Ilmu Pengetahuan Alam Kelas VII Semester 2","Wahono Widodo, Fida Rachmadiarti,  Siti Nurul Hidayati","978-602-427-002-5","Kemendikdasmen - K13","kemendikdasmen_k13","https://static-sc.cloudapp.web.id/content/pdf/bukuteks/k13/bukusiswa/IPA%20Sm2%20SMP%20Kelas%207%20BS%20press.pdf","Buku ipa Kelas 7 - Kurikulum 2013 (K13)."
"Ilmu Pengetahuan Sosial Kelas VII ","Iwan Setiawan, Dedi, Suciati,  A. Mushlih","978-602-427-008-7","Kemendikdasmen - K13","kemendikdasmen_k13","https://static-sc.cloudapp.web.id/content/pdf/bukuteks/k13/bukusiswa/IPS%20SMP%20Kelas%207%20BS%20press.pdf","Buku ips Kelas 7 - Kurikulum 2013 (K13)."
"Pendidikan Agama Katolik Dan Budi Pekerti Kelas IX","Lorensius Atrik Wibawa , Yohan Sulisdwiyanta","978-602-282-285-1","Kemendikdasmen - K13","kemendikdasmen_k13","https://static-sc.cloudapp.web.id/content/pdf/bukuteks/k13/bukusiswa/Katolik%20IX%20BS%20press.pdf","Buku agama_katolik Kelas 9 - Kurikulum 2013 (K13)."
"Buku Guru Pendidikan Agama Katolik dan Budi Pekerti Kelas VIII","Lorensius Atrik Wibawa, Y. Sulisdwiyanta","978-602-282-288-2","Kemendikdasmen - K13","kemendikdasmen_k13","https://static-sc.cloudapp.web.id/content/pdf/bukuteks/k13/bukusiswa/Kelas%20VIII%20Katolik%20BG%20press.pdf","Buku agama_katolik Kelas 8 - Kurikulum 2013 (K13)."
"Buku Guru Pendidikan Agama Kristen dan Budi Pekerti Kelas VIII","Julia Suleeman Chandra, Pdt. Janse Belandina Non-Serrano","978-602-282-280-6","Kemendikdasmen - K13","kemendikdasmen_k13","https://static-sc.cloudapp.web.id/content/pdf/bukuteks/k13/bukusiswa/Kelas%20VIII%20Kristen%20BG%20press.pdf","Buku agama_kristen Kelas 8 - Kurikulum 2013 (K13)."
"Buku Guru Pendidikan Agama Khonghucu dan Budi Pekerti Kelas VIII","Js. Yudi, Novita Sari","978-602-282-312-4","Kemendikdasmen - K13","kemendikdasmen_k13","https://static-sc.cloudapp.web.id/content/pdf/bukuteks/k13/bukusiswa/Kelas%20VIII%20PA%20Khonghucu%20BG%20press.pdf","Buku agama_khonghucu Kelas 8 - Kurikulum 2013 (K13)."
"Buku Guru Matematika Kelas VII","Abdur Rahman As’ari, Mohammad Tohir, Erik Valentino, Zainul Imron, Ibnu Taufiq","978-602-282-992-8","Kemendikdasmen - K13","kemendikdasmen_k13","https://static-sc.cloudapp.web.id/content/pdf/bukuteks/k13/bukusiswa/Matematika%20SMP%20Kelas%207%20BG%20press.pdf","Buku matematika Kelas 7 - Kurikulum 2013 (K13)."
"Buku Guru Bahasa Indonesia Kelas VII","Titik Harsiati, Agus Trianto, E. Kosasih","978-602-282-973-7","Kemendikdasmen - K13","kemendikdasmen_k13","https://static-sc.cloudapp.web.id/content/pdf/bukuteks/k13/bukusiswa/B%20Indonesia%20SMP%20Kelas%207%20BG%20press.pdf","Buku bahasa_indonesia Kelas 7 - Kurikulum 2013 (K13)."
"Buku Guru Bahasa Inggris Kelas VII","Siti Wachidah, Asep Gunawan, Diyantari, Yuli Rulani Khatimah","978-602-282-981-2","Kemendikdasmen - K13","kemendikdasmen_k13","https://static-sc.cloudapp.web.id/content/pdf/bukuteks/k13/bukusiswa/B%20Inggris%20SMP%20Kelas%207%20BG%20press.pdf","Buku bahasa_inggris Kelas 7 - Kurikulum 2013 (K13)."
"Buku Guru IPA kelas VII","Wahono Widodo, Fida Rachmadiarti, Siti Nurul Hidayati","978-602-282-996-6","Kemendikdasmen - K13","kemendikdasmen_k13","https://static-sc.cloudapp.web.id/content/pdf/bukuteks/k13/bukusiswa/IPA%20SMP%20Kelas%207%20BG%20press.pdf","Buku ipa Kelas 7 - Kurikulum 2013 (K13)."
"Jagapati Bumi","Anna Farida","978-623-118-063-6","Kemendikdasmen - Non-Teks","kemendikdasmen_nonteks","https://static-sc.cloudapp.web.id/content/pdf/bukunonteks/pusbuk/Jagapati_Bumi.pdf","Buku Non-Teks Literasi Jenjang D (SMP)."
"Kesatria Penjaga","Fransisca Emilia","978-623-118-061-2","Kemendikdasmen - Non-Teks","kemendikdasmen_nonteks","https://static-sc.cloudapp.web.id/content/pdf/bukunonteks/pusbuk/Kesatria_Penjaga.pdf","Buku Non-Teks Literasi Jenjang D (SMP)."
"Mengejar Haruto","Dewi Cholidatul","978-623-118-016-2 ","Kemendikdasmen - Non-Teks","kemendikdasmen_nonteks","https://static-sc.cloudapp.web.id/content/pdf/bukunonteks/pusbuk/Mengejar_Haruto.pdf","Buku Non-Teks Literasi Jenjang D (SMP)."
"Misteri Drumben Tengah Malam","Dian Kristiani","978-623-118-008-7","Kemendikdasmen - Non-Teks","kemendikdasmen_nonteks","https://static-sc.cloudapp.web.id/content/pdf/bukunonteks/pusbuk/Misteri_Drumben_Tengah_Malam.pdf","Buku Non-Teks Literasi Jenjang D (SMP)."
"Sekolah untuk Timur","Muhammad Fauzi","978-623-118-012-4","Kemendikdasmen - Non-Teks","kemendikdasmen_nonteks","https://static-sc.cloudapp.web.id/content/pdf/bukunonteks/pusbuk/Sekolah_Untuk_Timur.pdf","Buku Non-Teks Literasi Jenjang D (SMP)."
"Komik Rampai Sekilas Yami, Tantangan Sinta, Rio dan Jabrik, Aji Mumpung","Yudha Pangesti, Nurul Chomaria, Tyas K. W., Ahmad Husni","978-623-118-026-1","Kemendikdasmen - Non-Teks","kemendikdasmen_nonteks","https://static-sc.cloudapp.web.id/content/pdf/bukunonteks/pusbuk/Yami_Sinta_Rio_Aji.pdf","Buku Non-Teks Literasi Jenjang D (SMP)."
"Komik Rampai Vanya dan Vino, Tiara x Jerawat, Rahasia Sehat Kakek, Kembalinya Para Lemak","Sri Sarastuti, Fajriatun Nurhidayati, Norrattri, Wulandari Pratiwi","978-623-118-024-7","Kemendikdasmen - Non-Teks","kemendikdasmen_nonteks","https://static-sc.cloudapp.web.id/content/pdf/bukunonteks/pusbuk/Vanya_dan_Vino.pdf","Buku Non-Teks Literasi Jenjang D (SMP)."
"Warna-Warni Anak Ondel-Ondel","Hervianna Artha","978-623-118-014-8","Kemendikdasmen - Non-Teks","kemendikdasmen_nonteks","https://static-sc.cloudapp.web.id/content/pdf/bukunonteks/pusbuk/Warna_Warni_Anak_Ondel.pdf","Buku Non-Teks Literasi Jenjang D (SMP)."
"Alice in Wonderland","Various","","Children Classic","freekidsbooks","https://gerhardschimpf.github.io/react-reader/files/alice.epub","A classic book for children available for free download."
"The Secret Garden","Various","","Children Classic","freekidsbooks","https://gerhardschimpf.github.io/react-reader/files/alice.epub","A classic book for children available for free download."
"qimah","qimah","","Archive.org - Indonesia","archive_org","https://archive.org/download/qimah/qimah.pdf",""
"Wkfat.doc","Various","","Archive.org - Indonesia","archive_org","https://archive.org/download/Wkfat.doc/Wkfat.doc.pdf","Wkfat"
"Berikut Ini Admin Bagikan Jadwal Imsakiyah Bulan Ramadhan Tahun 1441 H – 2020 M – JADWAL IMSAKIYAH RAMADHAN 2020 M 1441 H","Various","","Archive.org - Indonesia","archive_org","https://archive.org/download/berikut-ini-admin-bagikan-jadwal-imsakiyah-bulan-ramadhan-tahun-1441-h-2020-m-ja/berikut-ini-admin-bagikan-jadwal-imsakiyah-bulan-ramadhan-tahun-1441-h-2020-m-ja.pdf","Jadwal Imsakiyah Ramadhan 2020 Versi Kemenag – Tips Kesehatan Dan Kecantikan   Jadwal Imsakiyah Ramadhan 2020 Versi Kemenag Tipssehatcantik.com   – lihat  Jadwal Imsakiyah  Ramadhan 1441H-2020M, jadwal Ramadhan 2020 versi KEMENAG untuk semua ibukota provinsi di Indonesia,  Jadwal Berbuka Puasa dan Saur Ramadhan 2020  berdasarkan hisab Kemenag, jadwal imsakiyah kota Jakarta, Surabaya, Medan, Makassar, Semarang, Yogyakarta, Banda Aceh. Silahkan anda download dan lihat  Jadwal imsakiyah tahun 2020 "
"[ REVISI] 2. Dok Penawaran Administrasi & Teknis","Various","","Archive.org - Indonesia","archive_org","https://archive.org/download/REVISI2.DokPenawaranAdministrasiTeknis/REVISI2.DokPenawaranAdministrasiTeknis.pdf","Revisi Dokumen Penawaran Admintek Batang Bangko TAA"
"[ REVISI 2] 2. Dok Penawaran Administrasi & Teknis","Various","","Archive.org - Indonesia","archive_org","https://archive.org/download/REVISI22.DokPenawaranbatangbangko/REVISI22.DokPenawaranbatangbangko.pdf","Revisi 1 Dok Penawaran Biaya, Revisi 2 Dok Penawaran Admintek Sup Batang Bangko Padang"
"Revisi Penawaran Biaya + Admin & Teknis Supervisi Rehabilitasi Sungapan","Various","","Archive.org - Indonesia","archive_org","https://archive.org/download/PENAWARANArevisi/PENAWARANArevisi.pdf","Revisi Penawaran Biaya + Admin & Teknis Supervisi Rehabilitasi Sungapan Vitraha - Arss Baru - KSO"
"punyameitri","Various","","Archive.org - Indonesia","archive_org","https://archive.org/download/punyameitri/punyameitri.pdf","pengertian tari daerah"
"Sept. 2015. Hasil. Olah. PPM. Jateng. 7z","Various","","Archive.org - Indonesia","archive_org","https://archive.org/download/Sept.2015.Hasil.Olah.PPM.Jateng/Sept.2015.Hasil.Olah.PPM.Jateng.pdf","Hasil Olah PPM Jateng Sept 2015"
"Seragam Santri Pptq Ibnu Abbas Klaten 2016","Various","","Archive.org - Indonesia","archive_org","https://archive.org/download/SeragamSantriPptqIbnuAbbasKlaten2016/SeragamSantriPptqIbnuAbbasKlaten2016.pdf","seragam ibnu abbas 2016"
"penyihirperawatR0112fin","Various","","Archive.org - Indonesia","archive_org","https://archive.org/download/penyihirperawatR0112fin/penyihirperawatR0112fin.pdf","c"
"AC 310gr ( 7lembar)","Various","","Archive.org - Indonesia","archive_org","https://archive.org/download/AC310gr7lembar/AC310gr7lembar.pdf","AC 310gr ( 7lembar)"
"BACKUP Hasil Upload Paket Jl Domyang Notogiwang","Various","","Archive.org - Indonesia","archive_org","https://archive.org/download/BACKUPHasilUpload_201906/BACKUPHasilUpload_201906.pdf","Hasil Upload Paket Jl Domyang-Notogiwang"
"Al Afasy 000 Versebyverse","Various","","Archive.org - Indonesia","archive_org","https://archive.org/download/AlAfasy000Versebyverse/AlAfasy000Versebyverse.pdf","Al Afasy Complete Audio Quran Arabic Only Verse by Verse"
"Contoh TTD Personil Pamarayan Serang","Various","","Archive.org - Indonesia","archive_org","https://archive.org/download/ContohTTDPersonilPamarayanSerang/ContohTTDPersonilPamarayanSerang.pdf","ttd"
"Farshad Seyfi Selam Loresoo ( MP3 320)","Various","","Archive.org - Indonesia","archive_org","https://archive.org/download/FarshadSeyfiSelamLoresooMP3320/FarshadSeyfiSelamLoresooMP3320.pdf","Farshad Seyfi Selam Loresoo ( MP3 320)"
"Fares Abad","Various","","Archive.org - Indonesia","archive_org","https://archive.org/download/FaresAbad_201309/FaresAbad_201309.pdf","قرآن،فارس،عّباد"
"Sarah Palin's E-mail Records: 2008-04-22","The State of Alaska","","Archive.org - Indonesia","archive_org","https://archive.org/download/203658-sarah-palins-e-mail-records-2008-04-22/203658-sarah-palins-e-mail-records-2008-04-22.pdf","Unofficial mirror of http://www.documentcloud.org/documents/203658-sarah-palins-e-mail-records-2008-04-22.html"
"Asbat Ilm ul Ghaib Fi Jawab Izalatu Raib.pdf","Muhammad Tariq Lahori Sunni Hanafi","","Archive.org - Indonesia","archive_org","https://archive.org/download/AsbatIlmUlGhaibFiJawabIzalatuRaib.pdf/AsbatIlmUlGhaibFiJawabIzalatuRaib.pdf.pdf","Asbat Ilm ul Ghaib Fi Jawab Izalatu Raib.pdf"
"Examen Algebre Math 1 SMP SMC S 1 Session De Janvier 2005 2006","Various","","Archive.org - Indonesia","archive_org","https://archive.org/download/ExamenAlgebreMath1SMPSMCS1SessionDeJanvier20052006/ExamenAlgebreMath1SMPSMCS1SessionDeJanvier20052006.pdf","id=90"
"Surah Anmbya Surah Room","Various","","Archive.org - Indonesia","archive_org","https://archive.org/download/SurahAnmbyaSurahRoom/SurahAnmbyaSurahRoom.pdf","Tajweed"
"Forkan 05","Various","","Archive.org - Indonesia","archive_org","https://archive.org/download/Forkan05/Forkan05.pdf","a"
"FULL PAPER FASHION SEBAGAI KOMUNIKASI MUHAMMAD HASYIM","Various","","Archive.org - Indonesia","archive_org","https://archive.org/download/FULLPAPERFASHIONSEBAGAIKOMUNIKASIMUHAMMADHASYIM/FULLPAPERFASHIONSEBAGAIKOMUNIKASIMUHAMMADHASYIM.pdf","Fashion (pakain/busana) tidak hanya digunakan secara denotasi untuk menutupi dan melindungi tubuh, tetapi juga digunakan secara konotasi untuk mengkomunikasi suatu suatu konsep (pandangan). Fenomena yang ada di masysrakat menunjukkan bahwa fashion digunakan sebagai media komunikasi. Bahkan, Eco, ahli semiotika, menegaskan bahwa “I speak through my cloth”. Dalam pemilihan presiden Indonesi 2014, „Jokowi‟ salah satu calon presiden berkomunikasi politik melalui fashion. Pandangan politik yang dikom"
"Kerjaan Nay","Various","","Archive.org - Indonesia","archive_org","https://archive.org/download/KerjaanNay/KerjaanNay.pdf","Penjelasan Sejarah Indonesia"
"KIKHW","kikhw","","Archive.org - Indonesia","archive_org","https://archive.org/download/KHAWATEENEISLAMKHERATANGEZWAQIAT/KHAWATEENEISLAMKHERATANGEZWAQIAT.pdf",""
"CONSTRUCT 05","Jalang Mode, Bayu Galang, Aksop, Poetra Slamet, Seorang Kalajengking, Cassius Song","","Archive.org - Indonesia","archive_org","https://archive.org/download/construct-05/construct-05.pdf","We have grown accustomed to the riots, hatred, and violence that fill the streets everyday. New events that are discussed and given attention to keep on coming—from cheap affairs of celebrities, the rotten political scandals, to terroristic atrocities. And we perceive such events as some sort of ""turbulence."" A disturbing anomaly to our supposedly ordinary, normal, and organized daily life that we choose to view from a distance while taking cover behind the comforting walls of our homes, offices"
"Buku Ajar Mata Kuliah : Pembelajaran Sosial Emosional","Prof. Dr. Yerimadesi, S.Pd., M.Si., Oscarina Dewi Kusuma, S.Pd., M.Pd.","","Archive.org - Indonesia","archive_org","https://archive.org/download/bamk-pembelajaran-sosial-emosional/bamk-pembelajaran-sosial-emosional.pdf","Buku Ajar Mata Kuliah (BAMK) Piloting PPG bagi Guru Tertentu : Pembelajaran Sosial Emosional"
"Sini Makalet W Tasamim","Various","","Archive.org - Indonesia","archive_org","https://archive.org/download/MakaletWTasamim.7z/MakaletWTasamim.7z.pdf","من اسطوانة التحريض لأهل سيناء"
"Kemal","Various","","Archive.org - Indonesia","archive_org","https://archive.org/download/Kemal_201711/Kemal_201711.pdf","Kemal"
"Sarah Palin's E-mail Records: 2007-11-05","The State of Alaska","","Archive.org - Indonesia","archive_org","https://archive.org/download/203897-sarah-palins-e-mail-records-2007-11-05/203897-sarah-palins-e-mail-records-2007-11-05.pdf","Unofficial mirror of http://www.documentcloud.org/documents/203897-sarah-palins-e-mail-records-2007-11-05.html"
"Sarah Palin's E-mail Records: 2008-09-14","The State of Alaska","","Archive.org - Indonesia","archive_org","https://archive.org/download/203578-sarah-palins-e-mail-records-2008-09-14/203578-sarah-palins-e-mail-records-2008-09-14.pdf","Unofficial mirror of http://www.documentcloud.org/documents/203578-sarah-palins-e-mail-records-2008-09-14.html"
"Sub-Anarki","Various","","Archive.org - Indonesia","archive_org","https://archive.org/download/sub-anarki/sub-anarki.pdf","-"
"sudan-sofiah","mohamedsafe","","Archive.org - Indonesia","archive_org","https://archive.org/download/sudan-sofiah/sudan-sofiah.pdf","www.facebook.com/sudansalaf"
"idwiki-Bahasa_Bunak-20200725.pdf","Wikipedia","","Archive.org - Indonesia","archive_org","https://archive.org/download/idwiki-Bahasa_Bunak-20200725.pdf/idwiki-Bahasa_Bunak-20200725.pdf.pdf","Wikipedia page."
"idwiki-Bahasa_Buryat-20200726.pdf","Wikipedia","","Archive.org - Indonesia","archive_org","https://archive.org/download/idwiki-Bahasa_Buryat-20200726.pdf/idwiki-Bahasa_Buryat-20200726.pdf.pdf","Wikipedia page."
"idwiki-Bahasa_Saponi-20200725.pdf","Wikipedia","","Archive.org - Indonesia","archive_org","https://archive.org/download/idwiki-Bahasa_Saponi-20200725.pdf/idwiki-Bahasa_Saponi-20200725.pdf.pdf","Wikipedia page."
"asbab-f","Various","","Archive.org - Indonesia","archive_org","https://archive.org/download/asbab-f/asbab-f.pdf",""
"AC 310 @ 10x ( 50 Lembar)","Various","","Archive.org - Indonesia","archive_org","https://archive.org/download/ac31010x50lembar/ac31010x50lembar.pdf","AC 310 @ 10x ( 50 Lembar)"
"AC 310gr @ 1x ( 14 Lembar)","Various","","Archive.org - Indonesia","archive_org","https://archive.org/download/ac310gr1x14lembar_201908/ac310gr1x14lembar_201908.pdf","AC 310gr @ 1x ( 14 Lembar)"
"AC 310gr @ 1x ( 3 Lembar)","Various","","Archive.org - Indonesia","archive_org","https://archive.org/download/ac310gr1x3lembar/ac310gr1x3lembar.pdf","AC 310gr @ 1x ( 3 Lembar)"
"Sarah Palin's E-mail Records: 2007-05-17","The State of Alaska","","Archive.org - Indonesia","archive_org","https://archive.org/download/204101-sarah-palins-e-mail-records-2007-05-17/204101-sarah-palins-e-mail-records-2007-05-17.pdf","Unofficial mirror of http://www.documentcloud.org/documents/204101-sarah-palins-e-mail-records-2007-05-17.html"
"Scritti Postumi","Bruno Filippi","","Archive.org - Indonesia","archive_org","https://archive.org/download/bruno-filippi-scritti-postumi/bruno-filippi-scritti-postumi.pdf","Note: We do not responsible of any beautiful explosions within yourselves after reading this book! Because this book contains the eternal flame of insurrection against all form of chains by the individual, maniac eurasthenics suicide, frustration, depression, a willingness to attack by guns and bombs (like the way it supposed to be)."
"AC 310gr ( 12 Lembar)","Various","","Archive.org - Indonesia","archive_org","https://archive.org/download/AC310gr12Lembar/AC310gr12Lembar.pdf","AC 310gr"
"quran1","Various","","Archive.org - Indonesia","archive_org","https://archive.org/download/quran1_83/quran1_83.pdf","qurrr"
"racihi_hadith.ahad","www.akademya.biz","","Archive.org - Indonesia","archive_org","https://archive.org/download/racihi_hadith.ahad/racihi_hadith.ahad.pdf","hadis,hadith, ahad, ilhad, zÄ±ndÄ±k"
"Warped Penguins","Csaba Csáki,Yuval Grossman,Philip Tanedo,Yuhsin Tsai","","Archive.org - Indonesia","archive_org","https://archive.org/download/arxiv-1004.2037/arxiv-1004.2037.pdf","We present an analysis of the loop-induced magnetic dipole operator in the Randall-Sundrum model of a warped extra dimension with anarchic bulk fermions and an IR brane localized Higgs. These operators are finite at one-loop order and we explicitly calculate the branching ratio for mu to e gamma using the mixed position/momentum space formalism. The particular bound on the anarchic Yukawa and KK scales can depend on the flavor structure of the anarchic matrices. It is possible for a generic mode"
"idwiki-Bahasa_Arpitan-20200727.pdf","Wikipedia","","Archive.org - Indonesia","archive_org","https://archive.org/download/idwiki-Bahasa_Arpitan-20200727.pdf/idwiki-Bahasa_Arpitan-20200727.pdf.pdf","Wikipedia page."
"RINGKASAN MATERI DAN TUGAS 1","Various","","Archive.org - Indonesia","archive_org","https://archive.org/download/RINGKASANMATERIDANTUGAS1/RINGKASANMATERIDANTUGAS1.pdf","materi tentang mekanika"
"Bagan Buku Fikih 4 Mazhab","Alukah.net","","Archive.org - Indonesia","archive_org","https://archive.org/download/BaganBukuFikih4Mazhab/BaganBukuFikih4Mazhab.pdf","Bagan buku fikih 4 mazhab, ØªØ´Ø¬ÙØ± ÙØªØ¨ Ø§ÙÙÙÙ ÙÙÙØ°Ø§ÙØ¨ Ø§ÙØ£Ø±Ø¨Ø¹Ø©"
"Weyl compatible tensors","Carlo A. Mantica,Luca G. Molinari","","Archive.org - Indonesia","archive_org","https://archive.org/download/arxiv-1212.1273/arxiv-1212.1273.pdf","We introduce the new algebraic property of Weyl compatibility for symmetric tensors and vectors. It is strictly related to Riemann compatibility, which generalizes the Codazzi condition while preserving much of its geometric implications. In particular it is shown that the existence of a Weyl compatible vector implies the Weyl tensor to be algebraically special, and it is a necessary and sufficient condition for the magnetic part to vanish. Some theorems (Derdzinski and Shen, Hall) are extended "
"Siksa Neraka","Various","","Archive.org - Indonesia","archive_org","https://archive.org/download/siksa-neraka/siksa-neraka.pdf","Siksa Neraka"
"Penjaskes Kelas 7","Kemdikbud","","BSE Pendidikan.id - Kelas 7","pendidikan_id","http://bse.mahoni.com/data/2013/kelas_7smp/siswa/Kelas_07_SMP_Penjaskes_Siswa.pdf","Buku Sekolah Elektronik (BSE) Kurikulum 2013 untuk Kelas 7 SMP."
"Matematika Kelas 7","Kemdikbud","","BSE Pendidikan.id - Kelas 7","pendidikan_id","http://bse.mahoni.com/data/2013/kelas_7smp/siswa/Kelas_07_SMP_Matematika_Siswa.pdf","Buku Sekolah Elektronik (BSE) Kurikulum 2013 untuk Kelas 7 SMP."
"Bahasa Indonesia Kelas 7","Kemdikbud","","BSE Pendidikan.id - Kelas 7","pendidikan_id","http://bse.mahoni.com/data/2013/kelas_7smp/siswa/Kelas_07_SMP_Bahasa_Indonesia_Siswa.pdf","Buku Sekolah Elektronik (BSE) Kurikulum 2013 untuk Kelas 7 SMP."
"IPA Kelas 7","Kemdikbud","","BSE Pendidikan.id - Kelas 7","pendidikan_id","http://bse.mahoni.com/data/2013/kelas_7smp/siswa/Kelas_07_SMP_IPA_Siswa.pdf","Buku Sekolah Elektronik (BSE) Kurikulum 2013 untuk Kelas 7 SMP."
"IPS Kelas 7","Kemdikbud","","BSE Pendidikan.id - Kelas 7","pendidikan_id","http://bse.mahoni.com/data/2013/kelas_7smp/siswa/Kelas_07_SMP_IPS_Siswa.pdf","Buku Sekolah Elektronik (BSE) Kurikulum 2013 untuk Kelas 7 SMP."
"Penjaskes Kelas 8","Kemdikbud","","BSE Pendidikan.id - Kelas 8","pendidikan_id","http://bse.mahoni.com/data/2013/kelas_8smp/siswa/Kelas_08_SMP_Penjaskes_Siswa.pdf","Buku Sekolah Elektronik (BSE) Kurikulum 2013 untuk Kelas 8 SMP."
"Matematika Kelas 8","Kemdikbud","","BSE Pendidikan.id - Kelas 8","pendidikan_id","http://bse.mahoni.com/data/2013/kelas_8smp/siswa/Kelas_08_SMP_Matematika_Siswa.pdf","Buku Sekolah Elektronik (BSE) Kurikulum 2013 untuk Kelas 8 SMP."
"Bahasa Indonesia Kelas 8","Kemdikbud","","BSE Pendidikan.id - Kelas 8","pendidikan_id","http://bse.mahoni.com/data/2013/kelas_8smp/siswa/Kelas_08_SMP_Bahasa_Indonesia_Siswa.pdf","Buku Sekolah Elektronik (BSE) Kurikulum 2013 untuk Kelas 8 SMP."
"IPA Kelas 8","Kemdikbud","","BSE Pendidikan.id - Kelas 8","pendidikan_id","http://bse.mahoni.com/data/2013/kelas_8smp/siswa/Kelas_08_SMP_IPA_Siswa.pdf","Buku Sekolah Elektronik (BSE) Kurikulum 2013 untuk Kelas 8 SMP."
"IPS Kelas 8","Kemdikbud","","BSE Pendidikan.id - Kelas 8","pendidikan_id","http://bse.mahoni.com/data/2013/kelas_8smp/siswa/Kelas_08_SMP_IPS_Siswa.pdf","Buku Sekolah Elektronik (BSE) Kurikulum 2013 untuk Kelas 8 SMP."
"Penjaskes Kelas 9","Kemdikbud","","BSE Pendidikan.id - Kelas 9","pendidikan_id","http://bse.mahoni.com/data/2013/kelas_9smp/siswa/Kelas_09_SMP_Penjaskes_Siswa.pdf","Buku Sekolah Elektronik (BSE) Kurikulum 2013 untuk Kelas 9 SMP."
"Matematika Kelas 9","Kemdikbud","","BSE Pendidikan.id - Kelas 9","pendidikan_id","http://bse.mahoni.com/data/2013/kelas_9smp/siswa/Kelas_09_SMP_Matematika_Siswa.pdf","Buku Sekolah Elektronik (BSE) Kurikulum 2013 untuk Kelas 9 SMP."
"Bahasa Indonesia Kelas 9","Kemdikbud","","BSE Pendidikan.id - Kelas 9","pendidikan_id","http://bse.mahoni.com/data/2013/kelas_9smp/siswa/Kelas_09_SMP_Bahasa_Indonesia_Siswa.pdf","Buku Sekolah Elektronik (BSE) Kurikulum 2013 untuk Kelas 9 SMP."
"IPA Kelas 9","Kemdikbud","","BSE Pendidikan.id - Kelas 9","pendidikan_id","http://bse.mahoni.com/data/2013/kelas_9smp/siswa/Kelas_09_SMP_IPA_Siswa.pdf","Buku Sekolah Elektronik (BSE) Kurikulum 2013 untuk Kelas 9 SMP."
"IPS Kelas 9","Kemdikbud","","BSE Pendidikan.id - Kelas 9","pendidikan_id","http://bse.mahoni.com/data/2013/kelas_9smp/siswa/Kelas_09_SMP_IPS_Siswa.pdf","Buku Sekolah Elektronik (BSE) Kurikulum 2013 untuk Kelas 9 SMP."
"Jagapati Bumi","Tim Budi","","Literasi Budi Kemendikdasmen","budi_kemendikdasmen","https://budi.kemendikdasmen.go.id/storage/content/buku_model_1.pdf","Buku Model Literasi untuk Jenjang SMP."
"Petualangan di Desa","Tim Budi","","Literasi Budi Kemendikdasmen","budi_kemendikdasmen","https://budi.kemendikdasmen.go.id/storage/content/buku_model_2.pdf","Buku Model Literasi untuk Jenjang SMP."
"Menjaga Laut Kita","Tim Budi","","Literasi Budi Kemendikdasmen","budi_kemendikdasmen","https://budi.kemendikdasmen.go.id/storage/content/buku_model_3.pdf","Buku Model Literasi untuk Jenjang SMP."
"The Return of Sherlock Holmes","Arthur Conan Doyle","","Juvenile Fiction","openlibrary","https://openlibrary.org/works/OL262477W","First published: 1903"
"Pippi Långstrump","Astrid Lindgren","","Juvenile Fiction","openlibrary","https://openlibrary.org/works/OL14872925W","First published: 1945"
"The Time Machine","H. G. Wells","","Juvenile Fiction","openlibrary","https://openlibrary.org/works/OL52267W","First published: 1895"
"The Adventures of Tom Sawyer","Mark Twain","","Juvenile Fiction","openlibrary","https://openlibrary.org/works/OL53919W","First published: 1817"
"The Giver","Lois Lowry","","Juvenile Fiction","openlibrary","https://openlibrary.org/works/OL1846076W","First published: 1993"
"Matilda","Roald Dahl","","Juvenile Fiction","openlibrary","https://openlibrary.org/works/OL45846W","First published: 1988"
"Anne of Green Gables","Lucy Maud Montgomery","","Juvenile Fiction","openlibrary","https://openlibrary.org/works/OL77746W","First published: 1908"
"The Lightning Thief","Rick Riordan","","Juvenile Fiction","openlibrary","https://openlibrary.org/works/OL492658W","First published: 2005"
"The War of the Worlds","H. G. Wells","","Juvenile Fiction","openlibrary","https://openlibrary.org/works/OL52114W","First published: Unknown"
"The Book Thief","Markus Zusak","","Juvenile Fiction","openlibrary","https://openlibrary.org/works/OL5819456W","First published: 1998"
"The Alhambra","Washington Irving","","Juvenile Fiction","openlibrary","https://openlibrary.org/works/OL63996W","First published: 1800"
"The Complete Sherlock Holmes [4 novels, 56 stories]","Arthur Conan Doyle","","Juvenile Fiction","openlibrary","https://openlibrary.org/works/OL262554W","First published: 1900"
"A Little Princess","Frances Hodgson Burnett","","Juvenile Fiction","openlibrary","https://openlibrary.org/works/OL69630W","First published: 1905"
"Harry Potter and the Chamber of Secrets","J. K. Rowling","","Juvenile Fiction","openlibrary","https://openlibrary.org/works/OL82537W","First published: 1998"
"Harry Potter and the Deathly Hallows","J. K. Rowling","","Juvenile Fiction","openlibrary","https://openlibrary.org/works/OL82586W","First published: 2007"
"Sense and Sensibility","Jane Austen","","Juvenile Fiction","openlibrary","https://openlibrary.org/works/OL66562W","First published: 1811"
"Emma","Jane Austen","","Juvenile Fiction","openlibrary","https://openlibrary.org/works/OL66513W","First published: 1815"
"Twilight","Stephenie Meyer","","Juvenile Fiction","openlibrary","https://openlibrary.org/works/OL5720023W","First published: 2005"
"A Wizard of Earthsea","Ursula K. Le Guin","","Juvenile Fiction","openlibrary","https://openlibrary.org/works/OL59798W","First published: 1968"
"The Picture of Dorian Gray","Oscar Wilde","","Juvenile Fiction","openlibrary","https://openlibrary.org/works/OL8193416W","First published: 1890"
"The Scarlet Letter","Nathaniel Hawthorne","","Juvenile Fiction","openlibrary","https://openlibrary.org/works/OL455305W","First published: 1800"
"Les Misérables","Victor Hugo","","Juvenile Fiction","openlibrary","https://openlibrary.org/works/OL1063588W","First published: 1862"
"James and the Giant Peach","Roald Dahl","","Juvenile Fiction","openlibrary","https://openlibrary.org/works/OL45809W","First published: 1961"
"Wuthering Heights","Emily Brontë","","Juvenile Fiction","openlibrary","https://openlibrary.org/works/OL21177W","First published: 1846"
"The Adventures of Sherlock Holmes [12 stories]","Arthur Conan Doyle","","Juvenile Fiction","openlibrary","https://openlibrary.org/works/OL262421W","First published: 1892"
"A Tale of Two Cities","Charles Dickens","","Juvenile Fiction","openlibrary","https://openlibrary.org/works/OL8193465W","First published: 1800"
"Bridge to Terabithia","Katherine Paterson","","Juvenile Fiction","openlibrary","https://openlibrary.org/works/OL27079W","First published: 1972"
"Frankenstein or The Modern Prometheus","Mary Shelley","","Juvenile Fiction","openlibrary","https://openlibrary.org/works/OL450063W","First published: 1818"
"Daddy-Long-Legs","Jean Webster","","Juvenile Fiction","openlibrary","https://openlibrary.org/works/OL4322177W","First published: 1912"
"Macbeth","William Shakespeare","","Juvenile Fiction","openlibrary","https://openlibrary.org/works/OL258902W","First published: 1508"
"Harry Potter and the Philosopher's Stone","J. K. Rowling","","Juvenile Fiction","openlibrary","https://openlibrary.org/works/OL82563W","First published: 1997"
"The Boy in the Striped Pyjamas","John Boyne","","Juvenile Fiction","openlibrary","https://openlibrary.org/works/OL5840870W","First published: 2006"
"Harry Potter and the Order of the Phoenix","J. K. Rowling","","Juvenile Fiction","openlibrary","https://openlibrary.org/works/OL82548W","First published: 2003"
"Treasure Island","Robert Louis Stevenson","","Juvenile Fiction","openlibrary","https://openlibrary.org/works/OL24034W","First published: 1880"
"Charlotte's Web","E. B. White","","Juvenile Fiction","openlibrary","https://openlibrary.org/works/OL483391W","First published: 1952"
"Julius Caesar","William Shakespeare","","Juvenile Fiction","openlibrary","https://openlibrary.org/works/OL362702W","First published: 1656"
"Pride and Prejudice","Jane Austen","","Juvenile Fiction","openlibrary","https://openlibrary.org/works/OL66554W","First published: 1813"
"Harry Potter and the Prisoner of Azkaban","J. K. Rowling","","Juvenile Fiction","openlibrary","https://openlibrary.org/works/OL82536W","First published: 1999"
"Harry Potter and the Goblet of Fire","J. K. Rowling","","Juvenile Fiction","openlibrary","https://openlibrary.org/works/OL82560W","First published: 2000"
"Little House on the Prairie","Laura Ingalls Wilder","","Juvenile Fiction","openlibrary","https://openlibrary.org/works/OL1719792W","First published: 1935"
"A Wrinkle in Time","Madeleine L'Engle","","Juvenile Fiction","openlibrary","https://openlibrary.org/works/OL41495W","First published: 1962"
"Harry Potter and the Half-Blood Prince","J. K. Rowling","","Juvenile Fiction","openlibrary","https://openlibrary.org/works/OL82565W","First published: 2005"
"The Red Badge of Courage","Stephen Crane","","Juvenile Fiction","openlibrary","https://openlibrary.org/works/OL20844W","First published: 1855"
"Little men","Louisa May Alcott","","Juvenile Fiction","openlibrary","https://openlibrary.org/works/OL17761452W","First published: 1885"
"The Tempest","William Shakespeare","","Juvenile Fiction","openlibrary","https://openlibrary.org/works/OL362699W","First published: 1611"
"The Ugly Duckling","Hans Christian Andersen","","Juvenile Fiction","openlibrary","https://openlibrary.org/works/OL15155002W","First published: 1851"
"Alice's Adventures in Wonderland","Lewis Carroll","","Juvenile Fiction","openlibrary","https://openlibrary.org/works/OL138052W","First published: 1865"
"The Call of the Wild","Jack London","","Juvenile Fiction","openlibrary","https://openlibrary.org/works/OL14942956W","First published: 1903"
"Adventures of Huckleberry Finn","Mark Twain","","Juvenile Fiction","openlibrary","https://openlibrary.org/works/OL53908W","First published: 1876"
"The Night Before Christmas","Clement Clarke Moore","","Juvenile Fiction","openlibrary","https://openlibrary.org/works/OL655908W","First published: 1857"